------------------------------,--------------------
www.electricblue.eu, Portugal
------------------------------,--------------------
EnvLogger version, T7.3
EnvLogger Viewer version, 1.22
downloading device type, iphone
device, iPhone
device name, iOS 26.5.2
downloading mode, manual
------------------------------,--------------------
serial number, 049B 7D00 000D 0A
custom name, 
temperature, degrees Celsius (ºC)
time zone, UTC+0000
sampling resolution, 0.1
samples, 895
time diff [logger-smartphone](sec), -7
lat, No GPS fix
long, No GPS fix
accuracy (m), NA
------------------------------,--------------------
time,temp
2026-08-07 16:30:00,19.5
2026-08-07 16:30:10,19.5
2026-08-07 16:30:20,19.5
2026-08-07 16:30:30,19.5
2026-08-07 16:30:40,19.5
2026-08-07 16:30:50,19.5
2026-08-07 16:31:00,19.5
2026-08-07 16:31:10,19.5
2026-08-07 16:31:20,19.5
2026-08-07 16:31:30,19.6
2026-08-07 16:31:40,19.6
2026-08-07 16:31:50,19.5
2026-08-07 16:32:00,19.6
2026-08-07 16:32:10,19.6
2026-08-07 16:32:20,19.6
2026-08-07 16:32:30,19.6
2026-08-07 16:32:40,19.6
2026-08-07 16:32:50,19.6
2026-08-07 16:33:00,19.6
2026-08-07 16:33:10,19.5
2026-08-07 16:33:20,19.6
2026-08-07 16:33:30,19.5
2026-08-07 16:33:40,19.5
2026-08-07 16:33:50,19.5
2026-08-07 16:34:00,19.6
2026-08-07 16:34:10,19.5
2026-08-07 16:34:20,19.6
2026-08-07 16:34:30,19.6
2026-08-07 16:34:40,19.6
2026-08-07 16:34:50,19.6
2026-08-07 16:35:00,19.6
2026-08-07 16:35:10,19.6
2026-08-07 16:35:20,19.7
2026-08-07 16:35:30,19.6
2026-08-07 16:35:40,19.7
2026-08-07 16:35:50,19.7
2026-08-07 16:36:00,19.7
2026-08-07 16:36:10,19.7
2026-08-07 16:36:20,19.7
2026-08-07 16:36:30,19.7
2026-08-07 16:36:40,19.6
2026-08-07 16:36:50,19.6
2026-08-07 16:37:00,19.6
2026-08-07 16:37:10,19.6
2026-08-07 16:37:20,19.6
2026-08-07 16:37:30,19.6
2026-08-07 16:37:40,19.6
2026-08-07 16:37:50,19.6
2026-08-07 16:38:00,19.7
2026-08-07 16:38:10,19.7
2026-08-07 16:38:20,19.6
2026-08-07 16:38:30,19.6
2026-08-07 16:38:40,19.6
2026-08-07 16:38:50,19.5
2026-08-07 16:39:00,19.6
2026-08-07 16:39:10,19.5
2026-08-07 16:39:20,19.5
2026-08-07 16:39:30,19.4
2026-08-07 16:39:40,19.4
2026-08-07 16:39:50,19.4
2026-08-07 16:40:00,19.4
2026-08-07 16:40:10,19.4
2026-08-07 16:40:20,19.4
2026-08-07 16:40:30,19.4
2026-08-07 16:40:40,19.3
2026-08-07 16:40:50,19.3
2026-08-07 16:41:00,19.3
2026-08-07 16:41:10,19.2
2026-08-07 16:41:20,19.2
2026-08-07 16:41:30,19.1
2026-08-07 16:41:40,19.2
2026-08-07 16:41:50,19.2
2026-08-07 16:42:00,18.9
2026-08-07 16:42:10,18.6
2026-08-07 16:42:20,18.4
2026-08-07 16:42:30,18.1
2026-08-07 16:42:40,17.9
2026-08-07 16:42:50,17.7
2026-08-07 16:43:00,17.5
2026-08-07 16:43:10,17.4
2026-08-07 16:43:20,17.2
2026-08-07 16:43:30,17.0
2026-08-07 16:43:40,16.9
2026-08-07 16:43:50,16.8
2026-08-07 16:44:00,16.7
2026-08-07 16:44:10,16.6
2026-08-07 16:44:20,16.6
2026-08-07 16:44:30,16.5
2026-08-07 16:44:40,16.4
2026-08-07 16:44:50,16.4
2026-08-07 16:45:00,16.4
2026-08-07 16:45:10,16.3
2026-08-07 16:45:20,16.2
2026-08-07 16:45:30,16.2
2026-08-07 16:45:40,16.2
2026-08-07 16:45:50,16.1
2026-08-07 16:46:00,16.1
2026-08-07 16:46:10,16.1
2026-08-07 16:46:20,16.1
2026-08-07 16:46:30,16.0
2026-08-07 16:46:40,16.0
2026-08-07 16:46:50,16.0
2026-08-07 16:47:00,16.0
2026-08-07 16:47:10,16.0
2026-08-07 16:47:20,16.0
2026-08-07 16:47:30,15.9
2026-08-07 16:47:40,16.0
2026-08-07 16:47:50,15.9
2026-08-07 16:48:00,15.9
2026-08-07 16:48:10,15.9
2026-08-07 16:48:20,15.9
2026-08-07 16:48:30,15.9
2026-08-07 16:48:40,15.9
2026-08-07 16:48:50,15.9
2026-08-07 16:49:00,15.8
2026-08-07 16:49:10,15.9
2026-08-07 16:49:20,15.9
2026-08-07 16:49:30,15.9
2026-08-07 16:49:40,15.9
2026-08-07 16:49:50,15.9
2026-08-07 16:50:00,15.8
2026-08-07 16:50:10,15.8
2026-08-07 16:50:20,15.9
2026-08-07 16:50:30,15.9
2026-08-07 16:50:40,15.8
2026-08-07 16:50:50,15.9
2026-08-07 16:51:00,15.8
2026-08-07 16:51:10,15.9
2026-08-07 16:51:20,15.8
2026-08-07 16:51:30,15.8
2026-08-07 16:51:40,15.8
2026-08-07 16:51:50,15.9
2026-08-07 16:52:00,15.8
2026-08-07 16:52:10,15.9
2026-08-07 16:52:20,15.8
2026-08-07 16:52:30,15.8
2026-08-07 16:52:40,15.8
2026-08-07 16:52:50,15.8
2026-08-07 16:53:00,15.8
2026-08-07 16:53:10,15.8
2026-08-07 16:53:20,15.8
2026-08-07 16:53:30,15.8
2026-08-07 16:53:40,15.8
2026-08-07 16:53:50,15.9
2026-08-07 16:54:00,15.8
2026-08-07 16:54:10,15.8
2026-08-07 16:54:20,15.7
2026-08-07 16:54:30,15.6
2026-08-07 16:54:40,15.6
2026-08-07 16:54:50,15.6
2026-08-07 16:55:00,15.5
2026-08-07 16:55:10,15.5
2026-08-07 16:55:20,15.4
2026-08-07 16:55:30,15.4
2026-08-07 16:55:40,15.3
2026-08-07 16:55:50,15.2
2026-08-07 16:56:00,15.1
2026-08-07 16:56:10,15.1
2026-08-07 16:56:20,15.1
2026-08-07 16:56:30,15.0
2026-08-07 16:56:40,15.0
2026-08-07 16:56:50,14.9
2026-08-07 16:57:00,14.9
2026-08-07 16:57:10,14.8
2026-08-07 16:57:20,14.8
2026-08-07 16:57:30,14.7
2026-08-07 16:57:40,14.7
2026-08-07 16:57:50,14.7
2026-08-07 16:58:00,14.7
2026-08-07 16:58:10,14.7
2026-08-07 16:58:20,14.6
2026-08-07 16:58:30,14.6
2026-08-07 16:58:40,14.6
2026-08-07 16:58:50,14.6
2026-08-07 16:59:00,14.6
2026-08-07 16:59:10,14.6
2026-08-07 16:59:20,14.6
2026-08-07 16:59:30,14.6
2026-08-07 16:59:40,14.6
2026-08-07 16:59:50,14.7
2026-08-07 17:00:00,14.6
2026-08-07 17:00:10,14.6
2026-08-07 17:00:20,14.6
2026-08-07 17:00:30,14.6
2026-08-07 17:00:40,14.6
2026-08-07 17:00:50,14.6
2026-08-07 17:01:00,14.6
2026-08-07 17:01:10,14.6
2026-08-07 17:01:20,14.6
2026-08-07 17:01:30,14.6
2026-08-07 17:01:40,14.6
2026-08-07 17:01:50,14.6
2026-08-07 17:02:00,14.6
2026-08-07 17:02:10,14.6
2026-08-07 17:02:20,14.6
2026-08-07 17:02:30,14.6
2026-08-07 17:02:40,14.6
2026-08-07 17:02:50,14.6
2026-08-07 17:03:00,14.6
2026-08-07 17:03:10,14.6
2026-08-07 17:03:20,14.7
2026-08-07 17:03:30,14.6
2026-08-07 17:03:40,14.6
2026-08-07 17:03:50,14.6
2026-08-07 17:04:00,14.6
2026-08-07 17:04:10,14.6
2026-08-07 17:04:20,14.6
2026-08-07 17:04:30,14.6
2026-08-07 17:04:40,14.6
2026-08-07 17:04:50,14.6
2026-08-07 17:05:00,14.6
2026-08-07 17:05:10,14.6
2026-08-07 17:05:20,14.6
2026-08-07 17:05:30,14.6
2026-08-07 17:05:40,14.6
2026-08-07 17:05:50,14.6
2026-08-07 17:06:00,14.6
2026-08-07 17:06:10,14.6
2026-08-07 17:06:20,14.6
2026-08-07 17:06:30,14.6
2026-08-07 17:06:40,14.6
2026-08-07 17:06:50,14.6
2026-08-07 17:07:00,14.6
2026-08-07 17:07:10,14.6
2026-08-07 17:07:20,14.6
2026-08-07 17:07:30,14.6
2026-08-07 17:07:40,14.6
2026-08-07 17:07:50,14.6
2026-08-07 17:08:00,14.6
2026-08-07 17:08:10,14.6
2026-08-07 17:08:20,14.6
2026-08-07 17:08:30,14.6
2026-08-07 17:08:40,14.7
2026-08-07 17:08:50,14.7
2026-08-07 17:09:00,14.6
2026-08-07 17:09:10,14.6
2026-08-07 17:09:20,14.6
2026-08-07 17:09:30,14.6
2026-08-07 17:09:40,14.6
2026-08-07 17:09:50,14.7
2026-08-07 17:10:00,14.6
2026-08-07 17:10:10,14.6
2026-08-07 17:10:20,14.6
2026-08-07 17:10:30,14.6
2026-08-07 17:10:40,14.7
2026-08-07 17:10:50,14.6
2026-08-07 17:11:00,14.7
2026-08-07 17:11:10,14.6
2026-08-07 17:11:20,14.6
2026-08-07 17:11:30,14.6
2026-08-07 17:11:40,14.6
2026-08-07 17:11:50,14.7
2026-08-07 17:12:00,14.6
2026-08-07 17:12:10,14.7
2026-08-07 17:12:20,14.6
2026-08-07 17:12:30,14.7
2026-08-07 17:12:40,14.6
2026-08-07 17:12:50,14.6
2026-08-07 17:13:00,14.6
2026-08-07 17:13:10,14.6
2026-08-07 17:13:20,14.6
2026-08-07 17:13:30,14.7
2026-08-07 17:13:40,14.7
2026-08-07 17:13:50,14.6
2026-08-07 17:14:00,14.6
2026-08-07 17:14:10,14.7
2026-08-07 17:14:20,14.6
2026-08-07 17:14:30,14.6
2026-08-07 17:14:40,14.6
2026-08-07 17:14:50,14.7
2026-08-07 17:15:00,14.7
2026-08-07 17:15:10,14.7
2026-08-07 17:15:20,14.6
2026-08-07 17:15:30,14.7
2026-08-07 17:15:40,14.6
2026-08-07 17:15:50,14.6
2026-08-07 17:16:00,14.7
2026-08-07 17:16:10,14.7
2026-08-07 17:16:20,14.7
2026-08-07 17:16:30,14.7
2026-08-07 17:16:40,14.7
2026-08-07 17:16:50,14.7
2026-08-07 17:17:00,14.7
2026-08-07 17:17:10,14.7
2026-08-07 17:17:20,14.7
2026-08-07 17:17:30,14.7
2026-08-07 17:17:40,14.7
2026-08-07 17:17:50,14.7
2026-08-07 17:18:00,14.7
2026-08-07 17:18:10,14.7
2026-08-07 17:18:20,14.8
2026-08-07 17:18:30,14.7
2026-08-07 17:18:40,14.7
2026-08-07 17:18:50,14.7
2026-08-07 17:19:00,14.7
2026-08-07 17:19:10,14.7
2026-08-07 17:19:20,14.7
2026-08-07 17:19:30,14.7
2026-08-07 17:19:40,14.7
2026-08-07 17:19:50,14.7
2026-08-07 17:20:00,14.7
2026-08-07 17:20:10,14.7
2026-08-07 17:20:20,14.7
2026-08-07 17:20:30,14.7
2026-08-07 17:20:40,14.7
2026-08-07 17:20:50,14.7
2026-08-07 17:21:00,14.7
2026-08-07 17:21:10,14.7
2026-08-07 17:21:20,14.7
2026-08-07 17:21:30,14.7
2026-08-07 17:21:40,14.7
2026-08-07 17:21:50,14.7
2026-08-07 17:22:00,14.7
2026-08-07 17:22:10,14.7
2026-08-07 17:22:20,14.7
2026-08-07 17:22:30,14.7
2026-08-07 17:22:40,14.7
2026-08-07 17:22:50,14.7
2026-08-07 17:23:00,14.7
2026-08-07 17:23:10,14.7
2026-08-07 17:23:20,14.7
2026-08-07 17:23:30,14.7
2026-08-07 17:23:40,14.7
2026-08-07 17:23:50,14.7
2026-08-07 17:24:00,14.7
2026-08-07 17:24:10,14.7
2026-08-07 17:24:20,14.7
2026-08-07 17:24:30,14.7
2026-08-07 17:24:40,14.7
2026-08-07 17:24:50,14.7
2026-08-07 17:25:00,14.7
2026-08-07 17:25:10,14.7
2026-08-07 17:25:20,14.7
2026-08-07 17:25:30,14.6
2026-08-07 17:25:40,14.7
2026-08-07 17:25:50,14.6
2026-08-07 17:26:00,14.7
2026-08-07 17:26:10,14.7
2026-08-07 17:26:20,14.6
2026-08-07 17:26:30,14.7
2026-08-07 17:26:40,14.6
2026-08-07 17:26:50,14.7
2026-08-07 17:27:00,14.7
2026-08-07 17:27:10,14.7
2026-08-07 17:27:20,14.7
2026-08-07 17:27:30,14.7
2026-08-07 17:27:40,14.7
2026-08-07 17:27:50,14.7
2026-08-07 17:28:00,14.6
2026-08-07 17:28:10,14.7
2026-08-07 17:28:20,14.7
2026-08-07 17:28:30,14.7
2026-08-07 17:28:40,14.7
2026-08-07 17:28:50,14.7
2026-08-07 17:29:00,14.6
2026-08-07 17:29:10,14.6
2026-08-07 17:29:20,14.7
2026-08-07 17:29:30,14.7
2026-08-07 17:29:40,14.7
2026-08-07 17:29:50,14.6
2026-08-07 17:30:00,14.7
2026-08-07 17:30:10,14.6
2026-08-07 17:30:20,14.7
2026-08-07 17:30:30,14.7
2026-08-07 17:30:40,14.7
2026-08-07 17:30:50,14.7
2026-08-07 17:31:00,14.7
2026-08-07 17:31:10,14.7
2026-08-07 17:31:20,14.6
2026-08-07 17:31:30,14.6
2026-08-07 17:31:40,14.7
2026-08-07 17:31:50,14.7
2026-08-07 17:32:00,14.7
2026-08-07 17:32:10,14.7
2026-08-07 17:32:20,14.7
2026-08-07 17:32:30,14.7
2026-08-07 17:32:40,14.7
2026-08-07 17:32:50,14.7
2026-08-07 17:33:00,14.7
2026-08-07 17:33:10,14.7
2026-08-07 17:33:20,14.7
2026-08-07 17:33:30,14.7
2026-08-07 17:33:40,14.7
2026-08-07 17:33:50,14.6
2026-08-07 17:34:00,14.6
2026-08-07 17:34:10,14.6
2026-08-07 17:34:20,14.7
2026-08-07 17:34:30,14.6
2026-08-07 17:34:40,14.6
2026-08-07 17:34:50,14.6
2026-08-07 17:35:00,14.7
2026-08-07 17:35:10,14.6
2026-08-07 17:35:20,14.7
2026-08-07 17:35:30,14.6
2026-08-07 17:35:40,14.6
2026-08-07 17:35:50,14.6
2026-08-07 17:36:00,14.7
2026-08-07 17:36:10,14.6
2026-08-07 17:36:20,14.7
2026-08-07 17:36:30,14.6
2026-08-07 17:36:40,14.6
2026-08-07 17:36:50,14.6
2026-08-07 17:37:00,14.7
2026-08-07 17:37:10,14.6
2026-08-07 17:37:20,14.6
2026-08-07 17:37:30,14.6
2026-08-07 17:37:40,14.6
2026-08-07 17:37:50,14.5
2026-08-07 17:38:00,14.6
2026-08-07 17:38:10,14.7
2026-08-07 17:38:20,14.6
2026-08-07 17:38:30,14.6
2026-08-07 17:38:40,14.6
2026-08-07 17:38:50,14.6
2026-08-07 17:39:00,14.6
2026-08-07 17:39:10,14.6
2026-08-07 17:39:20,14.6
2026-08-07 17:39:30,14.6
2026-08-07 17:39:40,14.6
2026-08-07 17:39:50,14.6
2026-08-07 17:40:00,14.6
2026-08-07 17:40:10,14.6
2026-08-07 17:40:20,14.6
2026-08-07 17:40:30,14.6
2026-08-07 17:40:40,14.6
2026-08-07 17:40:50,14.6
2026-08-07 17:41:00,14.6
2026-08-07 17:41:10,14.5
2026-08-07 17:41:20,14.6
2026-08-07 17:41:30,14.6
2026-08-07 17:41:40,14.6
2026-08-07 17:41:50,14.6
2026-08-07 17:42:00,14.6
2026-08-07 17:42:10,14.5
2026-08-07 17:42:20,14.6
2026-08-07 17:42:30,14.6
2026-08-07 17:42:40,14.6
2026-08-07 17:42:50,14.5
2026-08-07 17:43:00,14.6
2026-08-07 17:43:10,14.5
2026-08-07 17:43:20,14.6
2026-08-07 17:43:30,14.5
2026-08-07 17:43:40,14.6
2026-08-07 17:43:50,14.5
2026-08-07 17:44:00,14.5
2026-08-07 17:44:10,14.5
2026-08-07 17:44:20,14.5
2026-08-07 17:44:30,14.5
2026-08-07 17:44:40,14.5
2026-08-07 17:44:50,14.5
2026-08-07 17:45:00,14.5
2026-08-07 17:45:10,14.4
2026-08-07 17:45:20,14.5
2026-08-07 17:45:30,14.5
2026-08-07 17:45:40,14.5
2026-08-07 17:45:50,14.5
2026-08-07 17:46:00,14.5
2026-08-07 17:46:10,14.4
2026-08-07 17:46:20,14.4
2026-08-07 17:46:30,14.4
2026-08-07 17:46:40,14.4
2026-08-07 17:46:50,14.4
2026-08-07 17:47:00,14.4
2026-08-07 17:47:10,14.4
2026-08-07 17:47:20,14.5
2026-08-07 17:47:30,14.4
2026-08-07 17:47:40,14.4
2026-08-07 17:47:50,14.4
2026-08-07 17:48:00,14.4
2026-08-07 17:48:10,14.4
2026-08-07 17:48:20,14.4
2026-08-07 17:48:30,14.4
2026-08-07 17:48:40,14.4
2026-08-07 17:48:50,14.4
2026-08-07 17:49:00,14.4
2026-08-07 17:49:10,14.4
2026-08-07 17:49:20,14.4
2026-08-07 17:49:30,14.3
2026-08-07 17:49:40,14.4
2026-08-07 17:49:50,14.4
2026-08-07 17:50:00,14.4
2026-08-07 17:50:10,14.4
2026-08-07 17:50:20,14.4
2026-08-07 17:50:30,14.3
2026-08-07 17:50:40,14.4
2026-08-07 17:50:50,14.3
2026-08-07 17:51:00,14.4
2026-08-07 17:51:10,14.4
2026-08-07 17:51:20,14.4
2026-08-07 17:51:30,14.4
2026-08-07 17:51:40,14.4
2026-08-07 17:51:50,14.4
2026-08-07 17:52:00,14.4
2026-08-07 17:52:10,14.4
2026-08-07 17:52:20,14.4
2026-08-07 17:52:30,14.3
2026-08-07 17:52:40,14.4
2026-08-07 17:52:50,14.4
2026-08-07 17:53:00,14.4
2026-08-07 17:53:10,14.4
2026-08-07 17:53:20,14.4
2026-08-07 17:53:30,14.4
2026-08-07 17:53:40,14.4
2026-08-07 17:53:50,14.4
2026-08-07 17:54:00,14.4
2026-08-07 17:54:10,14.4
2026-08-07 17:54:20,14.3
2026-08-07 17:54:30,14.4
2026-08-07 17:54:40,14.4
2026-08-07 17:54:50,14.4
2026-08-07 17:55:00,14.4
2026-08-07 17:55:10,14.4
2026-08-07 17:55:20,14.4
2026-08-07 17:55:30,14.4
2026-08-07 17:55:40,14.4
2026-08-07 17:55:50,14.3
2026-08-07 17:56:00,14.3
2026-08-07 17:56:10,14.4
2026-08-07 17:56:20,14.4
2026-08-07 17:56:30,14.4
2026-08-07 17:56:40,14.4
2026-08-07 17:56:50,14.4
2026-08-07 17:57:00,14.4
2026-08-07 17:57:10,14.4
2026-08-07 17:57:20,14.4
2026-08-07 17:57:30,14.4
2026-08-07 17:57:40,14.4
2026-08-07 17:57:50,14.4
2026-08-07 17:58:00,14.4
2026-08-07 17:58:10,14.4
2026-08-07 17:58:20,14.4
2026-08-07 17:58:30,14.4
2026-08-07 17:58:40,14.4
2026-08-07 17:58:50,14.4
2026-08-07 17:59:00,14.4
2026-08-07 17:59:10,14.3
2026-08-07 17:59:20,14.4
2026-08-07 17:59:30,14.3
2026-08-07 17:59:40,14.4
2026-08-07 17:59:50,14.3
2026-08-07 18:00:00,14.3
2026-08-07 18:00:10,14.4
2026-08-07 18:00:20,14.3
2026-08-07 18:00:30,14.3
2026-08-07 18:00:40,14.3
2026-08-07 18:00:50,14.4
2026-08-07 18:01:00,14.4
2026-08-07 18:01:10,14.4
2026-08-07 18:01:20,14.3
2026-08-07 18:01:30,14.4
2026-08-07 18:01:40,14.4
2026-08-07 18:01:50,14.4
2026-08-07 18:02:00,14.4
2026-08-07 18:02:10,14.5
2026-08-07 18:02:20,14.5
2026-08-07 18:02:30,14.5
2026-08-07 18:02:40,14.5
2026-08-07 18:02:50,14.5
2026-08-07 18:03:00,14.6
2026-08-07 18:03:10,14.6
2026-08-07 18:03:20,14.6
2026-08-07 18:03:30,14.6
2026-08-07 18:03:40,14.7
2026-08-07 18:03:50,14.7
2026-08-07 18:04:00,14.8
2026-08-07 18:04:10,14.8
2026-08-07 18:04:20,14.9
2026-08-07 18:04:30,14.9
2026-08-07 18:04:40,15.0
2026-08-07 18:04:50,15.1
2026-08-07 18:05:00,15.2
2026-08-07 18:05:10,15.3
2026-08-07 18:05:20,15.4
2026-08-07 18:05:30,15.5
2026-08-07 18:05:40,15.5
2026-08-07 18:05:50,15.6
2026-08-07 18:06:00,15.6
2026-08-07 18:06:10,15.7
2026-08-07 18:06:20,15.7
2026-08-07 18:06:30,15.7
2026-08-07 18:06:40,15.8
2026-08-07 18:06:50,15.8
2026-08-07 18:07:00,15.9
2026-08-07 18:07:10,15.8
2026-08-07 18:07:20,15.8
2026-08-07 18:07:30,15.9
2026-08-07 18:07:40,15.8
2026-08-07 18:07:50,15.8
2026-08-07 18:08:00,15.9
2026-08-07 18:08:10,15.9
2026-08-07 18:08:20,15.9
2026-08-07 18:08:30,15.9
2026-08-07 18:08:40,15.9
2026-08-07 18:08:50,16.0
2026-08-07 18:09:00,16.0
2026-08-07 18:09:10,15.9
2026-08-07 18:09:20,16.0
2026-08-07 18:09:30,16.0
2026-08-07 18:09:40,16.0
2026-08-07 18:09:50,16.1
2026-08-07 18:10:00,16.1
2026-08-07 18:10:10,16.1
2026-08-07 18:10:20,16.2
2026-08-07 18:10:30,16.1
2026-08-07 18:10:40,16.1
2026-08-07 18:10:50,16.1
2026-08-07 18:11:00,16.2
2026-08-07 18:11:10,16.1
2026-08-07 18:11:20,16.2
2026-08-07 18:11:30,16.2
2026-08-07 18:11:40,16.2
2026-08-07 18:11:50,16.3
2026-08-07 18:12:00,16.3
2026-08-07 18:12:10,16.4
2026-08-07 18:12:20,16.4
2026-08-07 18:12:30,16.5
2026-08-07 18:12:40,16.5
2026-08-07 18:12:50,16.6
2026-08-07 18:13:00,16.6
2026-08-07 18:13:10,16.6
2026-08-07 18:13:20,16.6
2026-08-07 18:13:30,16.7
2026-08-07 18:13:40,16.6
2026-08-07 18:13:50,16.7
2026-08-07 18:14:00,16.7
2026-08-07 18:14:10,16.7
2026-08-07 18:14:20,16.7
2026-08-07 18:14:30,16.7
2026-08-07 18:14:40,16.7
2026-08-07 18:14:50,16.7
2026-08-07 18:15:00,16.8
2026-08-07 18:15:10,16.8
2026-08-07 18:15:20,16.9
2026-08-07 18:15:30,16.9
2026-08-07 18:15:40,16.9
2026-08-07 18:15:50,17.0
2026-08-07 18:16:00,17.1
2026-08-07 18:16:10,17.1
2026-08-07 18:16:20,17.1
2026-08-07 18:16:30,17.3
2026-08-07 18:16:40,17.3
2026-08-07 18:16:50,17.3
2026-08-07 18:17:00,17.4
2026-08-07 18:17:10,17.5
2026-08-07 18:17:20,17.6
2026-08-07 18:17:30,17.8
2026-08-07 18:17:40,18.0
2026-08-07 18:17:50,18.4
2026-08-07 18:18:00,18.6
2026-08-07 18:18:10,18.9
2026-08-07 18:18:20,19.2
2026-08-07 18:18:30,19.4
2026-08-07 18:18:40,19.6
2026-08-07 18:18:50,19.8
2026-08-07 18:19:00,20.0
2026-08-07 18:19:10,20.2
2026-08-07 18:19:20,20.3
2026-08-07 18:19:30,20.5
2026-08-07 18:19:40,20.6
2026-08-07 18:19:50,20.8
2026-08-07 18:20:00,20.9
2026-08-07 18:20:10,20.9
2026-08-07 18:20:20,21.1
2026-08-07 18:20:30,21.3
2026-08-07 18:20:40,21.6
2026-08-07 18:20:50,21.9
2026-08-07 18:21:00,21.9
2026-08-07 18:21:10,22.0
2026-08-07 18:21:20,22.0
2026-08-07 18:21:30,22.0
2026-08-07 18:21:40,21.9
2026-08-07 18:21:50,22.0
2026-08-07 18:22:00,22.0
2026-08-07 18:22:10,22.0
2026-08-07 18:22:20,22.0
2026-08-07 18:22:30,22.0
2026-08-07 18:22:40,22.0
2026-08-07 18:22:50,22.0
2026-08-07 18:23:00,22.0
2026-08-07 18:23:10,22.0
2026-08-07 18:23:20,21.9
2026-08-07 18:23:30,22.0
2026-08-07 18:23:40,22.0
2026-08-07 18:23:50,22.0
2026-08-07 18:24:00,22.0
2026-08-07 18:24:10,22.0
2026-08-07 18:24:20,21.9
2026-08-07 18:24:30,21.9
2026-08-07 18:24:40,21.9
2026-08-07 18:24:50,21.9
2026-08-07 18:25:00,21.9
2026-08-07 18:25:10,21.8
2026-08-07 18:25:20,21.8
2026-08-07 18:25:30,21.8
2026-08-07 18:25:40,21.8
2026-08-07 18:25:50,21.8
2026-08-07 18:26:00,21.8
2026-08-07 18:26:10,21.7
2026-08-07 18:26:20,21.7
2026-08-07 18:26:30,21.7
2026-08-07 18:26:40,21.7
2026-08-07 18:26:50,21.7
2026-08-07 18:27:00,21.6
2026-08-07 18:27:10,21.6
2026-08-07 18:27:20,21.5
2026-08-07 18:27:30,21.5
2026-08-07 18:27:40,21.6
2026-08-07 18:27:50,21.5
2026-08-07 18:28:00,21.5
2026-08-07 18:28:10,21.5
2026-08-07 18:28:20,21.5
2026-08-07 18:28:30,21.4
2026-08-07 18:28:40,21.5
2026-08-07 18:28:50,21.5
2026-08-07 18:29:00,21.5
2026-08-07 18:29:10,21.4
2026-08-07 18:29:20,21.4
2026-08-07 18:29:30,21.4
2026-08-07 18:29:40,21.4
2026-08-07 18:29:50,21.4
2026-08-07 18:30:00,21.4
2026-08-07 18:30:10,21.3
2026-08-07 18:30:20,21.3
2026-08-07 18:30:30,21.3
2026-08-07 18:30:40,21.2
2026-08-07 18:30:50,21.2
2026-08-07 18:31:00,21.3
2026-08-07 18:31:10,21.3
2026-08-07 18:31:20,21.2
2026-08-07 18:31:30,21.2
2026-08-07 18:31:40,21.2
2026-08-07 18:31:50,21.2
2026-08-07 18:32:00,21.2
2026-08-07 18:32:10,21.2
2026-08-07 18:32:20,21.2
2026-08-07 18:32:30,21.2
2026-08-07 18:32:40,21.2
2026-08-07 18:32:50,21.2
2026-08-07 18:33:00,21.2
2026-08-07 18:33:10,21.2
2026-08-07 18:33:20,21.1
2026-08-07 18:33:30,21.2
2026-08-07 18:33:40,21.2
2026-08-07 18:33:50,21.2
2026-08-07 18:34:00,21.2
2026-08-07 18:34:10,21.2
2026-08-07 18:34:20,21.1
2026-08-07 18:34:30,21.2
2026-08-07 18:34:40,21.1
2026-08-07 18:34:50,21.2
2026-08-07 18:35:00,21.2
2026-08-07 18:35:10,21.2
2026-08-07 18:35:20,21.2
2026-08-07 18:35:30,21.2
2026-08-07 18:35:40,21.2
2026-08-07 18:35:50,21.2
2026-08-07 18:36:00,21.2
2026-08-07 18:36:10,21.2
2026-08-07 18:36:20,21.3
2026-08-07 18:36:30,21.3
2026-08-07 18:36:40,21.3
2026-08-07 18:36:50,21.3
2026-08-07 18:37:00,21.3
2026-08-07 18:37:10,21.3
2026-08-07 18:37:20,21.4
2026-08-07 18:37:30,21.4
2026-08-07 18:37:40,21.3
2026-08-07 18:37:50,21.3
2026-08-07 18:38:00,21.3
2026-08-07 18:38:10,21.3
2026-08-07 18:38:20,21.3
2026-08-07 18:38:30,21.3
2026-08-07 18:38:40,21.3
2026-08-07 18:38:50,21.3
2026-08-07 18:39:00,21.4
2026-08-07 18:39:10,21.4
2026-08-07 18:39:20,21.4
2026-08-07 18:39:30,21.3
2026-08-07 18:39:40,21.3
2026-08-07 18:39:50,21.4
2026-08-07 18:40:00,21.4
2026-08-07 18:40:10,21.3
2026-08-07 18:40:20,21.4
2026-08-07 18:40:30,21.3
2026-08-07 18:40:40,21.3
2026-08-07 18:40:50,21.4
2026-08-07 18:41:00,21.3
2026-08-07 18:41:10,21.3
2026-08-07 18:41:20,21.4
2026-08-07 18:41:30,21.4
2026-08-07 18:41:40,21.4
2026-08-07 18:41:50,21.4
2026-08-07 18:42:00,21.4
2026-08-07 18:42:10,21.4
2026-08-07 18:42:20,21.4
2026-08-07 18:42:30,21.4
2026-08-07 18:42:40,21.5
2026-08-07 18:42:50,21.5
2026-08-07 18:43:00,21.4
2026-08-07 18:43:10,21.4
2026-08-07 18:43:20,21.5
2026-08-07 18:43:30,21.5
2026-08-07 18:43:40,21.5
2026-08-07 18:43:50,21.5
2026-08-07 18:44:00,21.5
2026-08-07 18:44:10,21.5
2026-08-07 18:44:20,21.5
2026-08-07 18:44:30,21.5
2026-08-07 18:44:40,21.5
2026-08-07 18:44:50,21.5
2026-08-07 18:45:00,21.5
2026-08-07 18:45:10,21.5
2026-08-07 18:45:20,21.6
2026-08-07 18:45:30,21.5
2026-08-07 18:45:40,21.5
2026-08-07 18:45:50,21.5
2026-08-07 18:46:00,21.5
2026-08-07 18:46:10,21.5
2026-08-07 18:46:20,21.5
2026-08-07 18:46:30,21.6
2026-08-07 18:46:40,21.5
2026-08-07 18:46:50,21.6
2026-08-07 18:47:00,21.5
2026-08-07 18:47:10,21.6
2026-08-07 18:47:20,21.5
2026-08-07 18:47:30,21.5
2026-08-07 18:47:40,21.5
2026-08-07 18:47:50,21.4
2026-08-07 18:48:00,21.4
2026-08-07 18:48:10,21.3
2026-08-07 18:48:20,21.3
2026-08-07 18:48:30,21.2
2026-08-07 18:48:40,21.3
2026-08-07 18:48:50,21.2
2026-08-07 18:49:00,21.1
2026-08-07 18:49:10,21.3
2026-08-07 18:49:20,21.2
2026-08-07 18:49:30,21.1
2026-08-07 18:49:40,21.2
2026-08-07 18:49:50,21.2
2026-08-07 18:50:00,21.2
2026-08-07 18:50:10,21.3
2026-08-07 18:50:20,21.2
2026-08-07 18:50:30,21.4
2026-08-07 18:50:40,21.3
2026-08-07 18:50:50,21.3
2026-08-07 18:51:00,21.3
2026-08-07 18:51:10,21.3
2026-08-07 18:51:20,21.3
2026-08-07 18:51:30,21.3
2026-08-07 18:51:40,21.2
2026-08-07 18:51:50,21.2
2026-08-07 18:52:00,21.1
2026-08-07 18:52:10,21.1
2026-08-07 18:52:20,21.1
2026-08-07 18:52:30,21.1
2026-08-07 18:52:40,21.1
2026-08-07 18:52:50,21.0
2026-08-07 18:53:00,21.1
2026-08-07 18:53:10,21.1
2026-08-07 18:53:20,21.1
2026-08-07 18:53:30,21.1
2026-08-07 18:53:40,21.1
2026-08-07 18:53:50,21.1
2026-08-07 18:54:00,21.1
2026-08-07 18:54:10,21.0
2026-08-07 18:54:20,21.1
2026-08-07 18:54:30,21.0
2026-08-07 18:54:40,21.0
2026-08-07 18:54:50,20.9
2026-08-07 18:55:00,21.0
2026-08-07 18:55:10,20.9
2026-08-07 18:55:20,20.9
2026-08-07 18:55:30,20.9
2026-08-07 18:55:40,20.9
2026-08-07 18:55:50,20.9
2026-08-07 18:56:00,20.9
2026-08-07 18:56:10,20.9
2026-08-07 18:56:20,20.9
2026-08-07 18:56:30,20.9
2026-08-07 18:56:40,20.9
2026-08-07 18:56:50,21.0
2026-08-07 18:57:00,20.9
2026-08-07 18:57:10,21.0
2026-08-07 18:57:20,20.9
2026-08-07 18:57:30,20.9
2026-08-07 18:57:40,20.8
2026-08-07 18:57:50,20.9
2026-08-07 18:58:00,20.9
2026-08-07 18:58:10,20.9
2026-08-07 18:58:20,20.9
2026-08-07 18:58:30,20.9
2026-08-07 18:58:40,21.1
2026-08-07 18:58:50,21.2
2026-08-07 18:59:00,NA
